<!DOCTYPE hibernate-configuration PUBLIC "-//Hibernate/Hibernate Configuration DTD 3.0//EN" "http://hibernate.sourceforge.net/hibernate-configuration-3.0.dtd">
<hibernate-configuration>
    <session-factory>
        <!-- JDBC Database connection settings -->
        <property name="hibernate.connection.driver_class">com.mysql.cj.jdbc.Driver</property>
        <property name="hibernate.connection.url">jdbc:mysql://localhost:3306/mydatabase</property>
        <property name="hibernate.connection.username">root</property>
        <property name="hibernate.connection.password">password</property>

        <!-- Specify dialect -->
        <property name="hibernate.dialect">org.hibernate.dialect.MySQL8Dialect</property>

        <!-- Enable Hibernate's automatic session context management -->
        <property name="hibernate.current_session_context_class">thread</property>

        <!-- Echo all executed SQL to stdout -->
        <property name="hibernate.show_sql">true</property>

        <!-- Drop and re-create the database schema on startup -->
        <property name="hibernate.hbm2ddl.auto">update</property>

        <!-- Enable second-level cache -->
        <property name="hibernate.cache.use_second_level_cache">true</property>
        <property name="hibernate.cache.use_query_cache">true</property>
        <property name="hibernate.cache.region.factory_class">org.hibernate.cache.ehcache.EhCacheRegionFactory</property>

        <!-- Specify the annotated entity class -->
        <mapping class="com.example.Person"/>
    </session-factory>
</hibernate-configuration>
